,size_category,koi_score
0,earth-like,0.9508785714285714
1,super-earth-like,0.975741935483871
2,neptune-like,0.9648499999999999
3,Gas-Giant,0.9122387096774193
